Code	Order	Family	Genus	Species
URDJ	Amborellales	Amborellaceae	Amborella	Amborella_trichopoda
WTKZ	Nymphaeales	Nymphaeaceae	Nuphar	Nuphar_advena
PZRT	Nymphaeales	Nymphaeaceae	Nymphaea	Nymphaea_sp
FZJL	Austrobaileyales	Austrobaileyaceae	Austrobaileya	Austrobaileya_scandens
VZCI	Austrobaileyales	Schisandraceae	Illicium	Illicium_floridanum
ROAP	Austrobaileyales	Schisandraceae	Illicium	Illicium_parviflorum
NWMY	Austrobaileyales	Schisandraceae	Kadsura	Kadsura_heteroclita
MTII	Acorales	Acoraceae	Acorus	Acorus_americanus
DWZT	Alismatales	Alismataceae	Sagittaria	Sagittaria_latifolia
MFIN	Alismatales	Araceae	Pistia	Pistia_stratiotes
YMES	Alismatales	Araceae	Typhonium	Typhonium_blumei
COCP	Alismatales	Juncaginaceae	Triglochin	Triglochin_maritima
BYQM	Alismatales	Posidoniaceae	Posidonia	Posidonia_australis
VVVV	Pandanales	Cyclanthaceae	Ludovia	Ludovia_sp
DGXS	Pandanales	Pandanaceae	Freycinetia	Freycinetia_multiflora
VBHQ	Pandanales	Stemonaceae	Stemona	Stemona_tuberosa
SILJ	Pandanales	Velloziaceae	Talbotia	Talbotia_elegans
QOXT	Pandanales	Velloziaceae	Xerophyta	Xerophyta_villosa
OCWZ	Dioscoreales	Dioscoreaceae	Dioscorea	Dioscorea_villosa
NHIX	Liliales	Colchicaceae	Colchicum	Colchicum_autumnale
OVRB	Liliales	Colchicaceae	Colchicum	Colchicum_autumnale
QNPH	Liliales	Colchicaceae	Colchicum	Colchicum_autumnale
SFCT	Liliales	Colchicaceae	Colchicum	Colchicum_autumnale
GDKK	Liliales	Colchicaceae	Gloriosa	Gloriosa_superba
THEW	Liliales	Liliaceae	Lilium	Lilium_sargentiae
OOSO	Liliales	Melanthiaceae	Helonias	Helonias_bullata
AFLV	Liliales	Melanthiaceae	Xerophyllum	Xerophyllum_asphodeloides
MWYQ	Liliales	Smilacaceae	Smilax	Smilax_bona-nox
PRFO	Asparagales	Agapanthaceae	Agaphanthus	Agapanthus_africanus
KBXS	Asparagales	Amaryllidaceae	Allium	Allium_commutatum
GJPF	Asparagales	Amaryllidaceae	Allium	Allium_sativum
LDME	Asparagales	Amaryllidaceae	Amaryllis	Amaryllis_belladonna
IQYY	Asparagales	Amaryllidaceae	Narcissus	Narcissus_viridiflorus
TRRQ	Asparagales	Amaryllidaceae	Narcissus	Narcissus_viridiflorus
XEUV	Asparagales	Amaryllidaceae	Narcissus	Narcissus_viridiflorus
DMIN	Asparagales	Amaryllidaceae	Phycella	Phycella_aff_cyrtanthoides
JDTY	Asparagales	Amaryllidaceae	Rhodophiala	Rhodophiala_pratensis
ZKPF	Asparagales	Amaryllidaceae	Traubia	Traubia_modesta
DPFW	Asparagales	Amaryllidaceae	Zephyranthes	Zephyranthes_treatiae
KXSK	Asparagales	Asparagaceae	Agave	Agave_tequilana
FGRF	Asparagales	Asparagaceae	Asparagus	Asparagus_densiflorus
IXEM	Asparagales	Asparagaceae	Brodiaea	Brodiaea_sierrae
PLBZ	Asparagales	Asparagaceae	Chlorogalum	Chlorogalum_pomeridianum
UZXL	Asparagales	Asparagaceae	Disporopsis	Disporopsis_pernyi
SVTS	Asparagales	Asparagaceae	Drimia	Drimia_altissima
ONBE	Asparagales	Asparagaceae	Eriospermum	Eriospermum_lancifolia
CMCY	Asparagales	Asparagaceae	Hesperaloe	Hesperaloe_parviflora
MUMD	Asparagales	Asparagaceae	Lomandra	Lomandra_longifolia
XFJG	Asparagales	Asparagaceae	Maianthemum	Maianthemum_canadense
RCUX	Asparagales	Asparagaceae	Maianthemum	Maianthemum_sp
HOKG	Asparagales	Asparagaceae	Nolina	Nolina_atopocarpa
RQZP	Asparagales	Asparagaceae	Nolina	Nolina_bigelovii
TCYS	Asparagales	Asparagaceae	Peliosanthes	Peliosanthes_minor
LSJW	Asparagales	Asparagaceae	Ruscus	Ruscus_sp
MVRF	Asparagales	Asparagaceae	Sansevieria	Sansevieria_trifasciata
KOFB	Asparagales	Asparagaceae	Urginea	Urginea_maritima
YBML	Asparagales	Asparagaceae	Yucca	Yucca_brevifolia
ICNN	Asparagales	Asparagaceae	Yucca	Yucca_filamentosa
JVBR	Asparagales	Asphodelaceae	Aloe	Aloe_vera
JHUL	Asparagales	Asphodelaceae	Hemerocallis	Hemerocallis_sp
BLAJ	Asparagales	Asphodelaceae	Hemerocallis	Hemerocallis_spp
WTDE	Asparagales	Asphodelaceae	Johnsonia	Johnsonia_pubescens
FCEL	Asparagales	Asphodelaceae	Phormium	Phormium_tenax
EMJJ	Asparagales	Boryaceae	Borya	Borya_sphaerocephala
YJUG	Asparagales	Hypoxidaceae	Curculigo	Curculigo_sp
LTZF	Asparagales	Iridaceae	Sisyrinchium	Sisyrinchium_angustifolium
XZME	Asparagales	Orchidaceae	Drakaea	Drakaea_elastica
VTUS	Asparagales	Orchidaceae	Goodyera	Goodyera_pubescens
LELS	Asparagales	Orchidaceae	Haemaria	Haemaria_discolor
JSAG	Asparagales	Orchidaceae	Masdevallia	Masdevallia_yuangensis
CNTZ	Asparagales	Orchidaceae	Oncidium	Oncidium_sphacelatum
MTHW	Asparagales	Orchidaceae	Platanthera	Platanthera_clavellata
THDM	Asparagales	Orchidaceae	Vanilla	Vanilla_planifolia
RDYY	Asparagales	Tecophilaeaceae	Cyanastrum	Cyanastrum_cordifolium
KYNE	Asparagales	Tecophilaeaceae	Cyanella	Cyanella_orchidiformis
SART	Asparagales	Xeronemataceae	Xeronema	Xeronema_callistemon
QGLJ	Arecales	Arecaceae	Cocos	Cocos_nucifera
NSPR	Arecales	Arecaceae	Nypa	Nypa_fruticans
HWUP	Arecales	Arecaceae	Sabal	Sabal_bermudana
HXJE	Arecales	Arecaceae	Serenoa	Serenoa_repens
TZNS	Zingiberales	Cannaceae	Canna	Canna_sp
KNKV	Zingiberales	Heliconiaceae	Heliconia	Heliconia_sp
TNWF	Zingiberales	Heliconiaceae	Heliconia	Heliconia_sp
XHHU	Zingiberales	Heliconiaceae	Heliconia	Heliconia_sp
LSKK	Zingiberales	Lowiaceae	Orchidantha	Orchidantha_maxillarioides
JNUB	Zingiberales	Marantaceae	Maranta	Maranta_leuconeura
UOEL	Zingiberales	Strelitziaceae	Strelitzia	Strelitzia_reginae
JQCX	Zingiberales	Zingiberaceae	Curcuma	Curcuma_longa
LEMW	Zingiberales	Zingiberaceae	Curcuma	Curcuma_longa
OYLU	Zingiberales	Zingiberaceae	Curcuma	Curcuma_longa
BDJQ	Zingiberales	Zingiberaceae	Zingiber	Zingiber_officinale
BYPY	Poales	Bromeliaceae	Brocchinia	Brocchinia_reducta
PWSG	Poales	Cyperaceae	Cyperus	Cyperus_papyrus
WBIB	Poales	Cyperaceae	Lepidosperma	Lepidosperma_gibsonii
XPAF	Poales	Cyperaceae	Mapania	Mapania_palustris
WXNT	Poales	Joinvilleaceae	Joinvillea	Joinvillea_ascendens
CIEA	Poales	Juncaceae	Juncus	Juncus_inflexus
HATH	Poales	Poaceae	Aristida	Aristida_stricta
RMVB	Poales	Poaceae	Avena	Avena_fatua
ROEI	Poales	Poaceae	Cymbopogon	Cymbopogon_nardus
IADP	Poales	Poaceae	Deschampsia	Deschampsia_cespitosa
CXSJ	Poales	Poaceae	Eleusine	Eleusine_coracana
EFCZ	Poales	Poaceae	Eleusine	Eleusine_coracana
ICOX	Poales	Poaceae	Eleusine	Eleusine_coracana
OMXG	Poales	Poaceae	Eleusine	Eleusine_coracana
PZAP	Poales	Poaceae	Eleusine	Eleusine_coracana
TIJL	Poales	Poaceae	Eleusine	Eleusine_coracana
YPIC	Poales	Poaceae	Microstegium	Microstegium_vimineum
ZENX	Poales	Poaceae	Neurachne	Neurachne_alopecuroidea
BPKH	Poales	Poaceae	Neurachne	Neurachne_annularis
VQYB	Poales	Poaceae	Neurachne	Neurachne_lanigera
BXAY	Poales	Poaceae	Neurachne	Neurachne_minor
ZMGN	Poales	Poaceae	Neurachne	Neurachne_munroi
NNOK	Poales	Poaceae	Neurachne	Neurachne_tenuifolia
SOHV	Poales	Poaceae	Panicum	Panicum_miliaceum
XUAB	Poales	Poaceae	Paraneurachne	Paraneurachne_muelleri
XBKS	Poales	Poaceae	Thyridolepis	Thyridolepis_mitchelliana
WCOR	Poales	Poaceae	Thyridolepis	Thyridolepis_multiculmis
YXNR	Poales	Poaceae	Triodia	Triodia_aff_bynoei
GZSF	Poales	Poaceae	Uniola	Uniola_paniculata
RCAH	Poales	Poaceae	Uniola	Uniola_paniculata
YLWW	Poales	Poaceae	Uniola	Uniola_paniculata
BSTR	Poales	Restionaceae	Chodropetalum	Chondropetalum_tectorum
PPQR	Poales	Typhaceae	Typha	Typha_angustifolia
BRUD	Poales	Typhaceae	Typha	Typha_latifolia
NPND	Ceratophyllales	Ceratophyllaceae	Ceratophyllum	Ceratophyllum_demersum
WZFE	Chloranthales	Chloranthaceae	Ascarina	Ascarina_rubricaulis
OSHQ	Chloranthales	Chloranthaceae	Sarcandra	Sarcandra_glabra
DDEV	Canellales	Canellaceae	Canella	Canella_winterana
IFCJ	Canellales	Canellaceae	Canella	Canella_winterana
SJEV	Canellales	Canellaceae	Canella	Canella_winterana
WKSU	Canellales	Winteraceae	Drimys	Drimys_winteri
WAIL	Laurales	Atherospermataceae	Laurelia	Laurelia_sempervirens
FALI	Laurales	Calycanthaceae	Calycanthus	Calycanthus_floridus
WPHN	Laurales	Calycanthaceae	Idiospermum	Idiospermum_australiense
MAQO	Laurales	Gomortegaceae	Gomortega	Gomortega_keule
BSVG	Laurales	Hernandiaceae	Gyrocarpus	Gyrocarpus_americanus
VYLQ	Laurales	Lauraceae	Cassytha	Cassytha_filiformis
BCGB	Laurales	Lauraceae	Cinnamomum	Cinnamomum_camphora
KAYP	Laurales	Lauraceae	Lindera	Lindera_benzoin
WIGA	Laurales	Lauraceae	Persea	Persea_borbonia
ABSS	Laurales	Lauraceae	Sassafras	Sassafras_albidum
KRJP	Laurales	Monimiaceae	Peumus	Peumus_boldus
YZRI	Magnoliales	Annonaceae	Annona	Annona_muricata
PSJT	Magnoliales	Annonaceae	Uvaria	Uvaria_microcarpa
DHPO	Magnoliales	Eupomatiaceae	Eupomatia	Eupomatia_bennettii
WBOD	Magnoliales	Magnoliaceae	Magnolia	Magnolia_grandiflora
XQWC	Magnoliales	Magnoliaceae	Michelia	Michelia_maudiae
OBPL	Magnoliales	Myristicaceae	Myristica	Myristica_fragrans
PAWA	Piperales	Aristolochiaceae	Aristolochia	Aristolochia_elegans
QDVW	Piperales	Aristolochiaceae	Saruma	Saruma_henryi
XSZI	Piperales	Piperaceae	Peperomia	Peperomia_fraseri
MUNP	Piperales	Piperaceae	Piper	Piper_auritum
CSSK	Piperales	Saururaceae	Houttuynia	Houttuynia_cordata
OPDF	Piperales	Saururaceae	Saururus	Saururus_cernuus
YHFG	Ranunculales	Berberidaceae	Nandina	Nandina_domestica
WFBF	Ranunculales	Berberidaceae	Podophyllum	Podophyllum_peltatum
QTJY	Ranunculales	Eupteleaceae	Euptelea	Euptelea_pleiosperma
CCID	Ranunculales	Lardizabalaceae	Akebia	Akebia_trifoliata
LVNW	Ranunculales	Menispermaceae	Cocculus	Cocculus_laurifolius
BFMT	Ranunculales	Papaveraceae	Argemone	Argemone_mexicana
CCHG	Ranunculales	Papaveraceae	Argemone	Argemone_mexicana
GOQJ	Ranunculales	Papaveraceae	Argemone	Argemone_mexicana
IRAF	Ranunculales	Papaveraceae	Argemone	Argemone_mexicana
SMZF	Ranunculales	Papaveraceae	Argemone	Argemone_mexicana
YDEH	Ranunculales	Papaveraceae	Argemone	Argemone_mexicana
AUGV	Ranunculales	Papaveraceae	Capnoides	Capnoides_sempervirens
UDHA	Ranunculales	Papaveraceae	Ceratocapnos	Ceratocapnos_vesicaria
XMVD	Ranunculales	Papaveraceae	Chelidonium	Chelidonium_majus
ZGQD	Ranunculales	Papaveraceae	Corydalis	Corydalis_linstowiana
ERXG	Ranunculales	Papaveraceae	Eschscholzia	Eschscholzia_californica
EVOD	Ranunculales	Papaveraceae	Eschscholzia	Eschscholzia_californica
NJKC	Ranunculales	Papaveraceae	Eschscholzia	Eschscholzia_californica
RKGT	Ranunculales	Papaveraceae	Eschscholzia	Eschscholzia_californica
TUHA	Ranunculales	Papaveraceae	Eschscholzia	Eschscholzia_californica
UNPT	Ranunculales	Papaveraceae	Eschscholzia	Eschscholzia_californica
NMGG	Ranunculales	Papaveraceae	Hypecoum	Hypecoum_procumbens
RRID	Ranunculales	Papaveraceae	Papaver	Papaver_bracteatum
SSDU	Ranunculales	Papaveraceae	Papaver	Papaver_bracteatum
TMWO	Ranunculales	Papaveraceae	Papaver	Papaver_bracteatum
ZSNV	Ranunculales	Papaveraceae	Papaver	Papaver_bracteatum
ACYX	Ranunculales	Papaveraceae	Papaver	Papaver_rhoeas
BEKN	Ranunculales	Papaveraceae	Papaver	Papaver_rhoeas
GMAM	Ranunculales	Papaveraceae	Papaver	Papaver_rhoeas
IORZ	Ranunculales	Papaveraceae	Papaver	Papaver_rhoeas
MVTX	Ranunculales	Papaveraceae	Papaver	Papaver_rhoeas
QZBA	Ranunculales	Papaveraceae	Papaver	Papaver_rhoeas
EPRK	Ranunculales	Papaveraceae	Papaver	Papaver_setigerum
FNXH	Ranunculales	Papaveraceae	Papaver	Papaver_setigerum
JSVC	Ranunculales	Papaveraceae	Papaver	Papaver_setigerum
MLPX	Ranunculales	Papaveraceae	Papaver	Papaver_setigerum
QCOU	Ranunculales	Papaveraceae	Papaver	Papaver_setigerum
STDO	Ranunculales	Papaveraceae	Papaver	Papaver_setigerum
BMRX	Ranunculales	Papaveraceae	Papaver	Papaver_somniferum
FPYZ	Ranunculales	Papaveraceae	Papaver	Papaver_somniferum
KKCW	Ranunculales	Papaveraceae	Papaver	Papaver_somniferum
MIKW	Ranunculales	Papaveraceae	Papaver	Papaver_somniferum
RQNK	Ranunculales	Papaveraceae	Papaver	Papaver_somniferum
SUFP	Ranunculales	Papaveraceae	Papaver	Papaver_somniferum
XHKT	Ranunculales	Papaveraceae	Sanguinaria	Sanguinaria_canadensis
ZUHO	Ranunculales	Ranunculaceae	Anemone	Anemone_hupehensis
UPOG	Ranunculales	Ranunculaceae	Anemone	Anemone_pulsatilla
CYVA	Ranunculales	Ranunculaceae	Cimifuga	Cimicifuga_racemosa
VGHH	Ranunculales	Ranunculaceae	Hydrastis	Hydrastis_canadensis
GBVZ	Ranunculales	Ranunculaceae	Thalictrum	Thalictrum_thalictroides
AALA	Sabiales	Sabiaceae	Meliosma	Meliosma_cuneifolia
FAKD	Proteales	Nelumbonaceae	Nelumbo	Nelumbo_sp
VQFW	Proteales	Platanaceae	Platanus	Platanus_occidentalis
GRRW	Proteales	Proteaceae	Grevillea	Grevillea_robusta
SIIK	Proteales	Proteaceae	Hakea	Hakea_drupacea
OBOJ	Proteales	Proteaceae	Hakea	Hakea_prostrata
REOF	Proteales	Proteaceae	Hakea	Hakea_prostrata
RQUG	Proteales	Proteaceae	Hakea	Hakea_prostrata
SWOH	Trochodendrales	Trochodendraceae	Trochodendron	Trochodendron_aralioides
IWMW	Buxales	Buxaceae	Buxus	Buxus_sempervirens
XMQO	Gunnerales	Gunneraceae	Gunnera	Gunnera_manicata
QUTB	Berberidopsidales	Aextoxicaceae	Aextoxicon	Aextoxicon_punctatum
HAEU	Berberidopsidales	Berberidopsidaceae	Berberidopsis	Berberidopsis_beckleri
BGZG	Vitales	Vitaceae	Cissus	Cissus_quadrangularis
BBBA	Vitales	Vitaceae	Tetrastigma	Tetrastigma_obtectum
SZPD	Vitales	Vitaceae	Tetrastigma	Tetrastigma_voinierianum
STKY	Santalales	Balanophoraceae	Balanophora	Balanophora_fungosa
VGVI	Santalales	Loranthaceae	Dendropemon	Dendropemon_caribaeus
XKPS	Santalales	Olacaceae	Ximenia	Ximenia_americana
BSEY	Santalales	Santalaceae	Daenikera	Daenikera_sp
XGFU	Santalales	Santalaceae	Exocarpos	Exocarpos_cupressiformis
QKMG	Santalales	Santalaceae	Phoradendron	Phoradendron_serotinum
RSPO	Santalales	Santalaceae	Santalum	Santalum_acuminatum
LMVB	Saxifragales	Altingiaceae	Liquidambar	Liquidambar_styraciflua
TOKV	Saxifragales	Aphanopetalaceae	Aphanopetalum	Aphanopetalum_resinosum
NUZN	Saxifragales	Cercidiphyllaceae	Cercidiphyllum	Cercidiphyllum_japonicum
KWGC	Saxifragales	Crassulaceae	Crassula	Crassula_perforata
DRIL	Saxifragales	Crassulaceae	Kalanchoe	Kalanchoe_crenato-diagremontiana
ZJUL	Saxifragales	Crassulaceae	Rhodiola	Rhodiola_rosea
FYTP	Saxifragales	Daphniphyllaceae	Daphniphyllum	Daphniphyllum_macropodum
SYHW	Saxifragales	Grossulariaceae	Ribes	Ribes_aff_giraldii
IUSR	Saxifragales	Haloragaceae	Myriophyllum	Myriophyllum_aquaticum
DMKC	Saxifragales	Hamamelidaceae	Hamamelis	Hamamelis_virginiana
YHXT	Saxifragales	Hamamelidaceae	Hamamelis	Hamamelis_virginiana
YKQR	Saxifragales	Hamamelidaceae	Hamamelis	Hamamelis_virginiana
HQRJ	Saxifragales	Hamamelidaceae	Loropetalum	Loropetalum_chinense
OMDH	Saxifragales	Hamamelidaceae	Loropetalum	Loropetalum_chinense
TQOO	Saxifragales	Hamamelidaceae	Loropetalum	Loropetalum_chinense
UWFU	Saxifragales	Iteaceae	Itea	Itea_virginica
HTIP	Saxifragales	Paeoniacae	Paeonia	Paeonia_lactiflora
CKKR	Saxifragales	Saxifragaceae	Astilbe	Astilbe_chinensis
CIAC	Saxifragales	Saxifragaceae	Bergenia	Bergenia_sp
OOVX	Saxifragales	Saxifragaceae	Boykinia	Boykinia_jamesii
ERIA	Saxifragales	Saxifragaceae	Heuchera	Heuchera_sanguinea
DAYQ	Saxifragales	Saxifragaceae	Mitella	Mitella_pentandra
UHBY	Saxifragales	Saxifragaceae	Oresitrophe	Oresitrophe_rupifraga
YKFU	Saxifragales	Saxifragaceae	Peltoboykinia	Peltoboykinia_watanabei
FCBJ	Saxifragales	Saxifragaceae	Saxifraga	Saxifraga_stolonifera
CTSS	Saxifragales	Saxifragaceae	Tellima	Tellima_breviflora
SLOI	Saxifragales	Saxifragaceae	Tiarella	Tiarella_polyphylla
EHNF	Dilleniales	Dilleniaceae	Dillenia	Dillenia_indica
OKEF	Dilleniales	Dilleniaceae	Hibbertia	Hibbertia_grossulariifolia
GJNX	Caryophyllales	Aizoaceae	Cypselea	Cypselea_humifusa
BJKT	Caryophyllales	Aizoaceae	Delosperma	Delosperma_echinatum
HZTS	Caryophyllales	Aizoaceae	Sesuvium	Sesuvium_portulacastrum
EDIT	Caryophyllales	Aizoaceae	Sesuvium	Sesuvium_verrucosum
OPZX	Caryophyllales	Aizoaceae	Sesuvium	Sesuvium_verrucosum
ZJDK	Caryophyllales	Aizoaceae	Sesuvium	Sesuvium_verrucosum
OMYK	Caryophyllales	Aizoaceae	Trianthema	Trianthema_portulacastrum
BERS	Caryophyllales	Aizoaceae	Zaleya	Zaleya_pentandra
EMIG	Caryophyllales	Amaranthaceae	Aerva	Aerva_lanata
PDQH	Caryophyllales	Amaranthaceae	Aerva	Aerva_lanata
VKOE	Caryophyllales	Amaranthaceae	Aerva	Aerva_lanata
GBCQ	Caryophyllales	Amaranthaceae	Aerva	Aerva_persica
HDSY	Caryophyllales	Amaranthaceae	Aerva	Aerva_persica
MEAH	Caryophyllales	Amaranthaceae	Aerva	Aerva_persica
ENCD	Caryophyllales	Amaranthaceae	Alternanthera	Alternanthera_brasiliana
KTQI	Caryophyllales	Amaranthaceae	Alternanthera	Alternanthera_brasiliana
ZBPY	Caryophyllales	Amaranthaceae	Alternanthera	Alternanthera_brasiliana
OHKC	Caryophyllales	Amaranthaceae	Alternanthera	Alternanthera_caracasana
VUIT	Caryophyllales	Amaranthaceae	Alternanthera	Alternanthera_caracasana
WGUG	Caryophyllales	Amaranthaceae	Alternanthera	Alternanthera_caracasana
BWRK	Caryophyllales	Amaranthaceae	Alternanthera	Alternanthera_sessilis
LUNL	Caryophyllales	Amaranthaceae	Alternanthera	Alternanthera_sessilis
OYST	Caryophyllales	Amaranthaceae	Alternanthera	Alternanthera_sessilis
DBCE	Caryophyllales	Amaranthaceae	Alternanthera	Alternanthera_tenella
DEMH	Caryophyllales	Amaranthaceae	Alternanthera	Alternanthera_tenella
EYRD	Caryophyllales	Amaranthaceae	Alternanthera	Alternanthera_tenella
XSSD	Caryophyllales	Amaranthaceae	Amaranthus	Amaranthus_cruentus
JBGU	Caryophyllales	Amaranthaceae	Amaranthus	Amaranthus_palmeri
WMLW	Caryophyllales	Amaranthaceae	Amaranthus	Amaranthus_retroflexus
AKTA	Caryophyllales	Amaranthaceae	Atriplex	Atriplex_hortensis
BDIW	Caryophyllales	Amaranthaceae	Atriplex	Atriplex_hortensis
ONLQ	Caryophyllales	Amaranthaceae	Atriplex	Atriplex_hortensis
AAXJ	Caryophyllales	Amaranthaceae	Atriplex	Atriplex_prostrata
EPVF	Caryophyllales	Amaranthaceae	Atriplex	Atriplex_prostrata
MUCT	Caryophyllales	Amaranthaceae	Atriplex	Atriplex_prostrata
CBJR	Caryophyllales	Amaranthaceae	Atriplex	Atriplex_rosea
LBZM	Caryophyllales	Amaranthaceae	Atriplex	Atriplex_rosea
PDXY	Caryophyllales	Amaranthaceae	Atriplex	Atriplex_rosea
FVXD	Caryophyllales	Amaranthaceae	Beta	Beta_maritima
CUTE	Caryophyllales	Amaranthaceae	Blutaparon	Blutaparon_vermiculare
SMMC	Caryophyllales	Amaranthaceae	Chenopodium	Chenopodium_quinoa
WGET	Caryophyllales	Amaranthaceae	Kochia	Kochia_scoparia
HSXO	Caryophyllales	Ancistrocladaceae	Ancistrocladus	Ancistrocladus_tectorius
CTYH	Caryophyllales	Basellaceae	Basella	Basella_alba
CPKP	Caryophyllales	Cactaceae	Lophophora	Lophophora_williamsii
QAIR	Caryophyllales	Cactaceae	Opuntia	Opuntia_sp
JLOV	Caryophyllales	Cactaceae	Pereskia	Pereskia_aculeata
SHEZ	Caryophyllales	Caryophyllaceae	Dianthus	Dianthus_caryophyllus
RXEN	Caryophyllales	Caryophyllaceae	Polycarpaea	Polycarpaea_repens
SKNL	Caryophyllales	Caryophyllaceae	Saponaria	Saponaria_officinalis
OLES	Caryophyllales	Caryophyllaceae	Schiedea	Schiedea_membranacea
FZQN	Caryophyllales	Caryophyllaceae	Silene	Silene_latifolia
TJES	Caryophyllales	Caryophyllaceae	Spergularia	Spergularia_media
WPYJ	Caryophyllales	Frankeniaceae	Frankenia	Frankenia_laevis
YNFJ	Caryophyllales	Miroteaceae	Microtea	Microtea_debilis
RNBN	Caryophyllales	Molluginaceae	Mollugo	Mollugo_cerviana
CUVY	Caryophyllales	Molluginaceae	Mollugo	Mollugo_nudicaulis
SCAO	Caryophyllales	Molluginaceae	Mollugo	Mollugo_nudicaulis
UNSW	Caryophyllales	Molluginaceae	Mollugo	Mollugo_nudicaulis
BZMI	Caryophyllales	Molluginaceae	Mollugo	Mollugo_pentaphylla
HURS	Caryophyllales	Molluginaceae	Mollugo	Mollugo_pentaphylla
KJAA	Caryophyllales	Molluginaceae	Mollugo	Mollugo_pentaphylla
NXTS	Caryophyllales	Molluginaceae	Mollugo	Mollugo_verticillata
OFWX	Caryophyllales	Molluginaceae	Mollugo	Mollugo_verticillata
QASA	Caryophyllales	Molluginaceae	Mollugo	Mollugo_verticillata
WQUF	Caryophyllales	Nepenthaceae	Nepenthes	Nepenthes_alata
DVXD	Caryophyllales	Nyctaginaceae	Allionia	Allionia_incarnata
EGOS	Caryophyllales	Nyctaginaceae	Allionia	Allionia_incarnata
HMFE	Caryophyllales	Nyctaginaceae	Allionia	Allionia_incarnata
MBWM	Caryophyllales	Nyctaginaceae	Boerhavia	Boerhavia_coccinea
WHHY	Caryophyllales	Nyctaginaceae	Boerhavia	Boerhavia_coccinea
ZBTA	Caryophyllales	Nyctaginaceae	Boerhavia	Boerhavia_coccinea
GDYP	Caryophyllales	Nyctaginaceae	Boerhavia	Boerhavia_dominii
HUGU	Caryophyllales	Nyctaginaceae	Boerhavia	Boerhavia_dominii
VJPU	Caryophyllales	Nyctaginaceae	Boerhavia	Boerhavia_dominii
JAFJ	Caryophyllales	Nyctaginaceae	Bougainvillea	Bougainvillea_spectabilis
DZRA	Caryophyllales	Nyctaginaceae	Mirabilis	Mirabilis_jalapa
GQAV	Caryophyllales	Nyctaginaceae	Mirabilis	Mirabilis_jalapa
JGAB	Caryophyllales	Nyctaginaceae	Mirabilis	Mirabilis_jalapa
AZBL	Caryophyllales	Petiveriaceae	Petiveria	Petiveria_alliacea
RUUB	Caryophyllales	Physenaceae	Physena	Physena_madagascariensis
SFKQ	Caryophyllales	Phytolaccaceae	Hilleria	Hilleria_latifolia
BKQU	Caryophyllales	Phytolaccaceae	Phytolacca	Phytolacca_americana
MRKX	Caryophyllales	Phytolaccaceae	Phytolacca	Phytolacca_bogotensis
WOBD	Caryophyllales	Plumbaginaceae	Limonium	Limonium_spectabile
CGGO	Caryophyllales	Plumbaginaceae	Plumbago	Plumbago_auriculata
FYSJ	Caryophyllales	Polygonaceae	Polygonum	Polygonum_convolvulus
LDEL	Caryophyllales	Portulacaceae	Portulaca	Portulaca_amilis
LFQH	Caryophyllales	Portulacaceae	Portulaca	Portulaca_amilis
QMUN	Caryophyllales	Portulacaceae	Portulaca	Portulaca_amilis
LLQV	Caryophyllales	Portulacaceae	Portulaca	Portulaca_cryptopetala
TMMR	Caryophyllales	Portulacaceae	Portulaca	Portulaca_cryptopetala
VPCP	Caryophyllales	Portulacaceae	Portulaca	Portulaca_cryptopetala
CPLT	Caryophyllales	Portulacaceae	Portulaca	Portulaca_grandiflora
UQCB	Caryophyllales	Portulacaceae	Portulaca	Portulaca_molokiniensis
CZJT	Caryophyllales	Portulacaceae	Portulaca	Portulaca_oleracea
EZGR	Caryophyllales	Portulacaceae	Portulaca	Portulaca_oleracea
TRLB	Caryophyllales	Portulacaceae	Portulaca	Portulaca_oleracea
IWIS	Caryophyllales	Portulacaceae	Portulaca	Portulaca_pilosa
GCYL	Caryophyllales	Portulacaceae	Portulaca	Portulaca_suffruticosa
BLWH	Caryophyllales	Portulacaceae	Portulaca	Portulaca_umbraticola
BYNZ	Caryophyllales	Portulacaceae	Portulaca	Portulaca_umbraticola
KDCH	Caryophyllales	Portulacaceae	Portulaca	Portulaca_umbraticola
GIWN	Caryophyllales	Sarcobataceae	Sarcobatus	Sarcobatus_vermiculatus
CVDF	Caryophyllales	Simmondsiaceae	Simmondsia	Simmondsia_chinensis
LKKX	Caryophyllales	Talinaceae	Talinum	Talinum_sp
HTDC	Caryophyllales	Tamaricaceae	Tamarix	Tamarix_chinensis
PTLU	Crossosomatales	Stachyuraceae	Staphylea	Staphylea_trifolia
VYGG	Crossosomatales	Staphyleaceae	Stachyurus	Stachyurus_praecox
HDWF	Geraniales	Francoaceae	Francoa	Francoa_appendiculata
FONV	Geraniales	Francoaceae	Greyia	Greyia_sutherlandii
VKGP	Geraniales	Geraniaceae	Geranium	Geranium_carolinianum
YGCX	Geraniales	Geraniaceae	Geranium	Geranium_maculatum
NJJO	Cucurbitales	Apodanthaceae	Pilostyles	Pilostyles_thurberi
OCTM	Cucurbitales	Begoniaceae	Begonia	Begonia_sp
NNGU	Cucurbitales	Coriariaceae	Coriaria	Coriaria_nepalensis
AXAF	Cucurbitales	Cucurbitaceae	Thladiantha	Thladiantha_villosula
BJSW	Rosales	Cannabaceae	Cannabis	Cannabis_sativa
DGNP	Rosales	Cannabaceae	Cannabis	Cannabis_sativa
MCNW	Rosales	Cannabaceae	Cannabis	Cannabis_sativa
PDIE	Rosales	Cannabaceae	Cannabis	Cannabis_sativa
PMRP	Rosales	Cannabaceae	Cannabis	Cannabis_sativa
SFZX	Rosales	Cannabaceae	Cannabis	Cannabis_sativa
KYAD	Rosales	Cannabaceae	Celtis	Celtis_occidentalis
AQGE	Rosales	Cannabaceae	Humulus	Humulus_lupulus
RBYC	Rosales	Elaeagnaceae	Elaeagnus	Elaeagnus_pungens
EDHN	Rosales	Moraceae	Ficus	Ficus_religiosa
XVJB	Rosales	Moraceae	Morus	Morus_nigra
WVEF	Rosales	Rhamnaceae	Rhamnus	Rhamnus_caroliniana
EILE	Rosales	Rhamnaceae	Rhamnus	Rhamnus_japonica
ZHEE	Rosales	Rhamnaceae	Ziziphus	Ziziphus_jujuba
EAVM	Rosales	Rosaceae	Amelanchier	Amelanchier_canadensis
ZPKK	Rosales	Rosaceae	Aruncus	Aruncus_dioicus
XFFT	Rosales	Rosaceae	Cercocarpus	Cercocarpus_ledifolius
QIEH	Rosales	Rosaceae	Cotoneaster	Cotoneaster_transcaucasicus
SQCF	Rosales	Rosaceae	Dryas	Dryas_octopetala
DHAW	Rosales	Rosaceae	Geum	Geum_quellyon
TJQY	Rosales	Rosaceae	Kerria	Kerria_japonica
VCIN	Rosales	Rosaceae	Malus	Malus_baccata
SXCE	Rosales	Rosaceae	Physocarpus	Physocarpus_opulifolius
NCVK	Rosales	Rosaceae	Prunus	Prunus_prostrata
IANR	Rosales	Rosaceae	Rosa	Rosa_palustris
QNOC	Rosales	Rosaceae	Sanguisorba	Sanguisorba_minor
BLVL	Rosales	Rosaceae	Sorbus	Sorbus_koehneana
CQMG	Rosales	Ulmaceae	Ulmus	Ulmus_alata
ACFP	Rosales	Urticaceae	Boehmeria	Boehmeria_nivea
WKCY	Rosales	Urticaceae	Urtica	Urtica_dioica
LWDA	Fagales	Betulaceae	Alnus	Alnus_serrulata
CWZU	Fagales	Betulaceae	Betula	Betula_pendula
LNER	Fagales	Casuarinaceae	Casuarina	Casuarina_equisetifolia
NHUA	Fagales	Fagaceae	Castanea	Castanea_crenata
UZWG	Fagales	Fagaceae	Castanea	Castanea_pumila
SVVG	Fagales	Fagaceae	Fagus	Fagus_sylvatica
HENI	Fagales	Fagaceae	Quercus	Quercus_shumardii
VWIP	Fagales	Juglandaceae	Carya	Carya_glabra
DXQW	Fagales	Juglandaceae	Juglans	Juglans_nigra
INSP	Fagales	Myricaceae	Myrica	Myrica_cerifera
TJLC	Fagales	Nothofagaceae	Nothofagus	Nothofagus_obliqua
JLLY	Fagales	unknown	unknown	unknown
NIJU	Fagales	unknown	unknown	unknown
ZCDJ	Fabales	Fabaceae	Acacia	Acacia_argyrophylla
ATQZ	Fabales	Fabaceae	Acacia	Acacia_pycnantha
MGBF	Fabales	Fabaceae	Acacia	Acacia_pycnantha
PJSX	Fabales	Fabaceae	Acacia	Acacia_pycnantha
NXOH	Fabales	Fabaceae	Apios	Apios_americana
HJMP	Fabales	Fabaceae	Astragalus	Astragalus_membranaceus
MYMP	Fabales	Fabaceae	Astragalus	Astragalus_propinquus
JETM	Fabales	Fabaceae	Bauhinia	Bauhinia_tomentosa
TVSH	Fabales	Fabaceae	Bituminaria	Bituminaria_bituminosa
RKFX	Fabales	Fabaceae	Cercis	Cercis_canadensis
SLYR	Fabales	Fabaceae	Cladrastis	Cladrastis_lutea
SUAK	Fabales	Fabaceae	Codariocalyx	Codariocalyx_motorius
RKLL	Fabales	Fabaceae	Copaifera	Copaifera_officinalis
XOOE	Fabales	Fabaceae	Desmanthus	Desmanthus_illinoensis
VHZV	Fabales	Fabaceae	Gleditsia	Gleditsia_sinensis
GEHT	Fabales	Fabaceae	Gleditsia	Gleditsia_triacanthos
AKRH	Fabales	Fabaceae	Glycine	Glycine_soja
FPLR	Fabales	Fabaceae	Glycine	Glycine_soja
KEGA	Fabales	Fabaceae	Glycine	Glycine_soja
LQUX	Fabales	Fabaceae	Glycine	Glycine_soja
LXGM	Fabales	Fabaceae	Glycine	Glycine_soja
OAQS	Fabales	Fabaceae	Glycine	Glycine_soja
PFSA	Fabales	Fabaceae	Glycine	Glycine_soja
RIDD	Fabales	Fabaceae	Glycine	Glycine_soja
TJMB	Fabales	Fabaceae	Glycine	Glycine_soja
ZUQW	Fabales	Fabaceae	Glycine	Glycine_soja
PEZP	Fabales	Fabaceae	Glycyrrhiza	Glycyrrhiza_glabra
JTQQ	Fabales	Fabaceae	Glycyrrhiza	Glycyrrhiza_lepidota
VLNB	Fabales	Fabaceae	Gompholobium	Gompholobium_polymorphum
QZXQ	Fabales	Fabaceae	Gymnocladus	Gymnocladus_dioicus
KNMB	Fabales	Fabaceae	Lathyrus	Lathyrus_sativus
TTRG	Fabales	Fabaceae	Lupinus	Lupinus_angustifolius
CMFF	Fabales	Fabaceae	Lupinus	Lupinus_polyphyllus
KZED	Fabales	Fabaceae	Senna	Senna_hebecarpa
RMWJ	Fabales	Fabaceae	Wisteria	Wisteria_floribunda
ZSSR	Fabales	Fabaceae	Xanthocercis	Xanthocercis_zambesiaca
OHAE	Fabales	Polygalaceae	Polygala	Polygala_lutea
OQHZ	Fabales	Quillajaceae	Quillaja	Quillaja_saponaria
ZHMB	Zygophyllales	Krameriaceae	Krameria	Krameria_lanceolata
UDUT	Zygophyllales	Zygophyllaceae	Larrea	Larrea_tridentata
KVAY	Zygophyllales	Zygophyllaceae	Tribulus	Tribulus_eichlerianus
AJJE	Myrtales	Combretaceae	Terminalia	Terminalia_neotaliala
RJNQ	Myrtales	Lythraceae	Lagerstroemia	Lagerstroemia_indica
JROW	Myrtales	Lythraceae	Punica	Punica_granatum
KAOV	Myrtales	Lythraceae	Punica	Punica_granatum
LHSH	Myrtales	Lythraceae	Punica	Punica_granatum
QEBC	Myrtales	Lythraceae	Punica	Punica_granatum
VUGF	Myrtales	Lythraceae	Punica	Punica_granatum
YMUO	Myrtales	Lythraceae	Punica	Punica_granatum
YNUE	Myrtales	Lythraceae	Punica	Punica_granatum
WWQZ	Myrtales	Melastomataceae	Medinilla	Medinilla_magnifica
SWGX	Myrtales	Melastomataceae	Tetrazygia	Tetrazygia_bicolor
AYMT	Myrtales	Myrtaceae	Eucalyptus	Eucalyptus_leucoxylon
NEBM	Myrtales	Myrtaceae	Syzygium	Syzygium_micranthum
FGDU	Myrtales	Myrtaceae	Syzygium	Syzygium_paniculatum
FEDW	Myrtales	Onagraceae	Epilobium	Epilobium_sp
GVCB	Myrtales	Onagraceae	Oenothera	Oenothera_affinis
EQYT	Myrtales	Onagraceae	Oenothera	Oenothera_berlandieri
BZDF	Myrtales	Onagraceae	Oenothera	Oenothera_biennis
DSVQ	Myrtales	Onagraceae	Oenothera	Oenothera_biennis
DWAP	Myrtales	Onagraceae	Oenothera	Oenothera_biennis
EXGW	Myrtales	Onagraceae	Oenothera	Oenothera_biennis
FDBS	Myrtales	Onagraceae	Oenothera	Oenothera_biennis
MLUJ	Myrtales	Onagraceae	Oenothera	Oenothera_biennis
KBRW	Myrtales	Onagraceae	Oenothera	Oenothera_clelandii
AJBK	Myrtales	Onagraceae	Oenothera	Oenothera_elata
IDAU	Myrtales	Onagraceae	Oenothera	Oenothera_elata
ROLB	Myrtales	Onagraceae	Oenothera	Oenothera_elata
WBXY	Myrtales	Onagraceae	Oenothera	Oenothera_elata
AXNH	Myrtales	Onagraceae	Oenothera	Oenothera_filiformis
ECSL	Myrtales	Onagraceae	Oenothera	Oenothera_filiformis
JYOB	Myrtales	Onagraceae	Oenothera	Oenothera_filiformis
NQWS	Myrtales	Onagraceae	Oenothera	Oenothera_filiformis
IIFB	Myrtales	Onagraceae	Oenothera	Oenothera_gaura
JMJV	Myrtales	Onagraceae	Oenothera	Oenothera_gaura
LACT	Myrtales	Onagraceae	Oenothera	Oenothera_gaura
LHDP	Myrtales	Onagraceae	Oenothera	Oenothera_gaura
PMTB	Myrtales	Onagraceae	Oenothera	Oenothera_gaura
TGOP	Myrtales	Onagraceae	Oenothera	Oenothera_gaura
EBPG	Myrtales	Onagraceae	Oenothera	Oenothera_grandiflora
GZUR	Myrtales	Onagraceae	Oenothera	Oenothera_grandiflora
HOOU	Myrtales	Onagraceae	Oenothera	Oenothera_grandiflora
MJHP	Myrtales	Onagraceae	Oenothera	Oenothera_grandiflora
REZJ	Myrtales	Onagraceae	Oenothera	Oenothera_grandiflora
ZINQ	Myrtales	Onagraceae	Oenothera	Oenothera_grandiflora
CHTD	Myrtales	Onagraceae	Oenothera	Oenothera_grandis
EWHG	Myrtales	Onagraceae	Oenothera	Oenothera_grandis
IMZV	Myrtales	Onagraceae	Oenothera	Oenothera_grandis
SEMK	Myrtales	Onagraceae	Oenothera	Oenothera_grandis
TAHF	Myrtales	Onagraceae	Oenothera	Oenothera_grandis
WPUV	Myrtales	Onagraceae	Oenothera	Oenothera_grandis
AQXA	Myrtales	Onagraceae	Oenothera	Oenothera_laciniata
ARYD	Myrtales	Onagraceae	Oenothera	Oenothera_laciniata
DIBI	Myrtales	Onagraceae	Oenothera	Oenothera_laciniata
ICUS	Myrtales	Onagraceae	Oenothera	Oenothera_laciniata
ONZG	Myrtales	Onagraceae	Oenothera	Oenothera_laciniata
QBRF	Myrtales	Onagraceae	Oenothera	Oenothera_laciniata
HPNZ	Myrtales	Onagraceae	Oenothera	Oenothera_longituba
CJGZ	Myrtales	Onagraceae	Oenothera	Oenothera_nana
DZLN	Myrtales	Onagraceae	Oenothera	Oenothera_picensis
YHLF	Myrtales	Onagraceae	Oenothera	Oenothera_rhombipetala
FXJC	Myrtales	Onagraceae	Oenothera	Oenothera_rosea
KFAL	Myrtales	Onagraceae	Oenothera	Oenothera_rosea
UJGI	Myrtales	Onagraceae	Oenothera	Oenothera_rosea
XSNO	Myrtales	Onagraceae	Oenothera	Oenothera_rosea
YIVZ	Myrtales	Onagraceae	Oenothera	Oenothera_rosea
SJAN	Myrtales	Onagraceae	Oenothera	Oenothera_serrulata
GBGW	Myrtales	Onagraceae	Oenothera	Oenothera_speciosa
RLZU	Myrtales	Onagraceae	Oenothera	Oenothera_speciosa
TLCA	Myrtales	Onagraceae	Oenothera	Oenothera_speciosa
UASK	Myrtales	Onagraceae	Oenothera	Oenothera_speciosa
XZAQ	Myrtales	Onagraceae	Oenothera	Oenothera_speciosa
XZPP	Myrtales	Onagraceae	Oenothera	Oenothera_speciosa
JKNQ	Myrtales	Onagraceae	Oenothera	Oenothera_suffulta_suffulta
HKMQ	Myrtales	Onagraceae	Oenothera	Oenothera_villaricae
IHCQ	Celastrales	Celastraceae	Crossopetalum	Crossopetalum_rhacoma
MFEA	Celastrales	Celastraceae	Stackhousia	Stackhousia_spathulata
WWKL	Huerteales	Tapisciaceae	Tapiscia	Tapiscia_sinensis
NFXV	Malpighiales	Calophyllaceae	Mammea	Mammea_americana
ZBVT	Malpighiales	Chrysobalanaceae	Chrysobalanus	Chrysobalanus_icaco
HBUQ	Malpighiales	Chrysobalanaceae	Licania	Licania_michauxii
OSIP	Malpighiales	Clusiaceae	Garcinia	Garcinia_livingstonei
FWCQ	Malpighiales	Clusiaceae	Garcinia	Garcinia_oblongifolia
RPPC	Malpighiales	Erythroxylaceae	Erythroxylum	Erythroxylum_coca
VVPY	Malpighiales	Euphorbiaceae	Croton	Croton_tiglium
LSLA	Malpighiales	Euphorbiaceae	Euphorbia	Euphorbia_mesembryanthemifolia
RHAU	Malpighiales	Euphorbiaceae	Euphorbia	Euphorbia_mesembryanthemifolia
VPDX	Malpighiales	Euphorbiaceae	Euphorbia	Euphorbia_mesembryanthemifolia
PXYR	Malpighiales	Euphorbiaceae	Euphorbia	Euphorbia_pekinensis
XNLP	Malpighiales	Euphorbiaceae	Manihot	Manihot_grahamii
PAZJ	Malpighiales	Euphorbiaceae	Ricinus	Ricinus_communis
BNDE	Malpighiales	Hypericaceae	Hypericum	Hypericum_perforatum
OODC	Malpighiales	Linaceae	Linum	Linum_bienne
AXPJ	Malpighiales	Linaceae	Linum	Linum_flavum
MYVH	Malpighiales	Linaceae	Linum	Linum_grandiflorum
HNCF	Malpighiales	Linaceae	Linum	Linum_hirsutum
AEPI	Malpighiales	Linaceae	Linum	Linum_leonii
BHYC	Malpighiales	Linaceae	Linum	Linum_lewisii
KCPT	Malpighiales	Linaceae	Linum	Linum_macraei
BVOF	Malpighiales	Linaceae	Linum	Linum_perenne
LFII	Malpighiales	Linaceae	Linum	Linum_perenne
XWMS	Malpighiales	Linaceae	Linum	Linum_perenne
TXMP	Malpighiales	Linaceae	Linum	Linum_strictum
VXOD	Malpighiales	Linaceae	Linum	Linum_tenuifolium
MJAV	Malpighiales	Linaceae	Linum	Linum_usitatissimum
OGSY	Malpighiales	Linaceae	Linum	Linum_usitatissimum
OZJZ	Malpighiales	Linaceae	Linum	Linum_usitatissimum
POZS	Malpighiales	Linaceae	Linum	Linum_usitatissimum
XPBC	Malpighiales	Malpighiaceae	Galphimia	Galphimia_gracilis
TVCU	Malpighiales	Ochnaceae	Ochna	Ochna_mossambicensis
CKDK	Malpighiales	Ochnaceae	Ochna	Ochna_serrulata
COAQ	Malpighiales	Passifloraceae	Malesherbia	Malesherbia_fasciculata
SIZE	Malpighiales	Passifloraceae	Passiflora	Passiflora_caerulea
EZZT	Malpighiales	Passifloraceae	Passiflora	Passiflora_edulis
ZIWB	Malpighiales	Passifloraceae	Passiflora	Passiflora_sp
VNMY	Malpighiales	Phyllanthaceae	Bischofia	Bischofia_javanica
YGAT	Malpighiales	Phyllanthaceae	Phyllanthus	Phyllanthus_sp
RVGH	Malpighiales	Putranjivaceae	Drypetes	Drypetes_deplanchei
ZTLR	Malpighiales	Rhizophoraceae	Rhizophora	Rhizophora_mangle
INQX	Malpighiales	Salicaceae	Salix	Salix_acutifolia
IEPQ	Malpighiales	Salicaceae	Salix	Salix_dasyclados
GLVK	Malpighiales	Salicaceae	Salix	Salix_eriocephala
RZTJ	Malpighiales	Salicaceae	Salix	Salix_fargesii
LFOG	Malpighiales	Salicaceae	Salix	Salix_purpurea
TDTF	Malpighiales	Salicaceae	Salix	Salix_sachalinensis
KKDQ	Malpighiales	Salicaceae	Salix	Salix_viminalis
NJLF	Malpighiales	Violaceae	Viola	Viola_canadensis
LPGY	Malpighiales	Violaceae	Viola	Viola_tricolor
YZVJ	Oxalidales	Cephalotaceae	Cephalotus	Cephalotus_follicularis
TIUZ	Oxalidales	Cunoniaceae	Cunonia	Cunonia_capensis
THHD	Oxalidales	Elaeocarpaceae	Elaeocarpus	Elaeocarpus_sylvestris
JHCN	Oxalidales	Oxalidaceae	Oxalis	Oxalis_sp
WAXR	Sapindales	Anacardiaceae	Litchi	Litchi_chinensis
YUOM	Sapindales	Anacardiaceae	Rhus	Rhus_radicans
FCCA	Sapindales	Burseraceae	Boswellia	Boswellia_sacra
JSZD	Sapindales	Burseraceae	Bursera	Bursera_simaruba
BCAA	Sapindales	Kirkiaceae	Kirkia	Kirkia_wilmsii
UVDC	Sapindales	Meliaceae	Azadirachta	Azadirachta_indica
CAIX	Sapindales	Meliaceae	Melia	Melia_azedarach
RJIM	Sapindales	Meliaceae	Melia	Melia_azedarach
VCCF	Sapindales	Meliaceae	Melia	Melia_azedarach
OBTI	Sapindales	Nitrariaceae	Peganum	Peganum_harmala
UHJR	Sapindales	Rutaceae	Citrus	Citrus_x_paradisi
PGKL	Sapindales	Rutaceae	Phellodendron	Phellodendron_amurense
VFFP	Sapindales	Aceraceae	Acer	Acer_negundo
HBHB	Sapindales	Hippocastanaceae	Aesculus	Aesculus_pavia
QICX	Sapindales	Simaroubaceae	Ailanthus	Ailanthus_altissima
IKFD	Sapindales	Simaroubaceae	Quassia	Quassia_amara
KPTE	Malvales	Bixaceae	Bixa	Bixa_orellana
PKMO	Malvales	Cistaceae	Cistus	Cistus_inflatus
WYIG	Malvales	Malvaceae	Dombeya	Dombeya_burgessiae
OLXF	Malvales	Malvaceae	Hibiscus	Hibiscus_cannabinus
ZSAB	Malvales	Malvaceae	Hoheria	Hoheria_angustifolia
ATFX	Malvales	Muntingiaceae	Muntingia	Muntingia_calabura
WMUK	Malvales	Sarcolaenaceae	Schizolaena	Schizolaena_sp
PUDI	Malvales	Thymelaeaceae	Daphne	Daphne_giraldii
AWJM	Malvales	Thymelaeaceae	Edgeworthia	Edgeworthia_papyrifera
QJXB	Malvales	Thymelaeaceae	Wikstroemia	Wikstroemia_indica
HYZL	Brassicales	Akaniaceae	Akania	Akania_lucens
DZTK	Brassicales	Bataceae	Batis	Batis_maritima
TZWR	Brassicales	Brassicaceae	Arabis	Arabis_alpina
IPWB	Brassicales	Brassicaceae	Brassica	Brassica_nigra
CSUV	Brassicales	Brassicaceae	Cochlearia	Cochlearia_officinalis
HABV	Brassicales	Brassicaceae	Draba	Draba_aizoides
GTSV	Brassicales	Brassicaceae	Draba	Draba_hispida
UVQL	Brassicales	Brassicaceae	Draba	Draba_magellanica
LAPO	Brassicales	Brassicaceae	Draba	Draba_oligosperma
LJQF	Brassicales	Brassicaceae	Draba	Draba_ossetica
BXBF	Brassicales	Brassicaceae	Draba	Draba_sachalinensis
VMNH	Brassicales	Brassicaceae	Sinapis	Sinapis_alba
MBQU	Brassicales	Cleomaceae	Cleome	Cleome_gynandra
VDKG	Brassicales	Cleomaceae	Cleome	Cleome_gynandra
ZLOA	Brassicales	Cleomaceae	Cleome	Cleome_gynandra
EZXQ	Brassicales	Cleomaceae	Cleome	Cleome_violacea
HELY	Brassicales	Cleomaceae	Cleome	Cleome_violacea
LVUS	Brassicales	Cleomaceae	Cleome	Cleome_violacea
UPZX	Brassicales	Cleomaceae	Cleome	Cleome_viscosa
QSKP	Brassicales	Cleomaceae	Polanisia	Polanisia_trachysperma
UAXP	Brassicales	Gyrostemonaceae	Gyrostemon	Gyrostemon_ramulosus
JOIS	Brassicales	Koeberliniaceae	Koeberlinia	Koeberlinia_spinosa
CRNC	Brassicales	Limnanthaceae	Limnanthes	Limnanthes_douglasii
CZPV	Brassicales	Moringaceae	Moringa	Moringa_oleifera
SWPE	Brassicales	Resedaceae	Reseda	Reseda_odorata
RTTY	Brassicales	Salvadoraceae	Salvadora	Salvadora_sp
MYZV	Brassicales	Tropaeolaceae	Tropaeolum	Tropaeolum_peregrinum
FWBF	Cornales	Cornaceae	Alangium	Alangium_chinense
BFJL	Cornales	Cornaceae	Cornus	Cornus_florida
UZNH	Cornales	Curtisiaceae	Curtisia	Curtisia_dentata
OTAN	Cornales	Hydrangeaceae	Deutzia	Deutzia_scabra
QURC	Cornales	Hydrangeaceae	Dichroa	Dichroa_febrifuga
ZETY	Cornales	Hydrangeaceae	Hydrangea	Hydrangea_quercifolia
BTZX	Cornales	Hydrangeaceae	Philadelphus	Philadelphus_inodorus
XONJ	Cornales	Nyssaceae	Camptotheca	Camptotheca_acuminata
VUSY	Cornales	Nyssaceae	Nyssa	Nyssa_ogeche
VTLJ	Cornales	Loasaceae	Caiophora	Caiophora_chuquitensis
QAUE	Ericales	Actinidiaceae	Actinidia	Actinidia_chinensis
JEXA	Ericales	Balsaminaceae	Impatiens	Impatiens_balsamifera
ADHK	Ericales	Diapensiaceae	Galax	Galax_urceolata
PIYM	Ericales	Diapensiaceae	Galax	Galax_urceolata
UFHF	Ericales	Diapensiaceae	Galax	Galax_urceolata
KVFU	Ericales	Ebenaceae	Diospyros	Diospyros_malabarica
AVJK	Ericales	Ericaceae	Cavendishia	Cavendishia_cuatrecasasii
WXVX	Ericales	Ericaceae	Ledum	Ledum_palustre
LRTN	Ericales	Ericaceae	Monotropa	Monotropa_uniflora
PPPZ	Ericales	Ericaceae	Rhododendron	Rhododendron_scopulorum
SERM	Ericales	Ericaceae	Sarcodes	Sarcodes_sanguinea
YSRZ	Ericales	Fouquieriaceae	Fouquieria	Fouquieria_macdougalii
BNTL	Ericales	Marcgraviaceae	Souroubea	Souroubea_exauriculata
NGRR	Ericales	Pentaphylacaceae	Ternstroemia	Ternstroemia_gymnanthera
WVMY	Ericales	Polemoniaceae	Phlox	Phlox_drummondii
FNEN	Ericales	Polemoniaceae	Phlox	Phlox_sp
ODDO	Ericales	Primulaceae	Ardisia	Ardisia_humilis
DAAD	Ericales	Primulaceae	Ardisia	Ardisia_revoluta
PTFA	Ericales	Primulaceae	Jacquinia	Jacquinia_sp
DTOA	Ericales	Primulaceae	Maesa	Maesa_lanceolata
OJCW	Ericales	Primulaceae	Maesa	Maesa_lanceolata
VKJD	Ericales	Primulaceae	Maesa	Maesa_lanceolata
HUSX	Ericales	Roridulaceae	Roridula	Roridula_gorgonias
BEFC	Ericales	Sapotaceae	Manilkara	Manilkara_zapota
OXYP	Ericales	Sapotaceae	Sideroxylon	Sideroxylon_reclinatum
WRPP	Ericales	Sapotaceae	Synsepalum	Synsepalum_dulcificum
AXBO	Ericales	Styracaceae	Sinojackia	Sinojackia_xylocarpa
JPDJ	Ericales	Symplocaceae	Symplocos	Symplocos_tinctoria
QRNU	Dipsacales	Adoxaceae	Sambucus	Sambucus_canadensis
SNBI	Dipsacales	Adoxaceae	Sambucus	Sambucus_canadensis
ZJRC	Dipsacales	Adoxaceae	Sambucus	Sambucus_canadensis
HLJG	Dipsacales	Adoxaceae	Viburnum	Viburnum_odoratissimum
JTRM	Dipsacales	Caprifoliaceae	Dipsacus	Dipsacus_asper
GSZA	Dipsacales	Caprifoliaceae	Lonicera	Lonicera_japonica
CAQZ	Dipsacales	Caprifoliaceae	Symphoricarpos	Symphoricarpos_sp
FFFY	Dipsacales	Caprifoliaceae	Valeriana	Valeriana_officinalis
TQKZ	Apiales	Apiaceae	Angelica	Angelica_archangelica
WEQK	Apiales	Apiaceae	Centella	Centella_asiatica
CWYJ	Apiales	Apiaceae	Heracleum	Heracleum_lanatum
EITK	Apiales	Araliaceae	Hedera	Hedera_helix
JBYE	Apiales	Araliaceae	Hedera	Hedera_helix
SUVN	Apiales	Araliaceae	Hedera	Hedera_helix
OINM	Apiales	Araliaceae	Hydrocotyle	Hydrocotyle_umbellata
EDBB	Apiales	Araliaceae	Polyscias	Polyscias_fruticosa
MVSE	Apiales	Griseliniaceae	Griselinia	Griselinia_littoralis
QIKZ	Apiales	Griseliniaceae	Griselinia	Griselinia_racemosa
AJFN	Apiales	Myodocarpaceae	Myodocarpus	Myodocarpus_sp
SBZH	Apiales	Pennantiaceae	Pennantia	Pennantia_corymbosa
SALZ	Apiales	Pittosporaceae	Pittosporum	Pittosporum_resiniferum
NTEO	Apiales	Pittosporaceae	Pittosporum	Pittosporum_sahnianum
GIOY	Asterales	Argophyllaceae	Corokia	Corokia_cotoneaster
GUMF	Asterales	Asteraceae	Anthemis	Anthemis_tinctoria
XRCX	Asterales	Asteraceae	Aster	Aster_tataricus
CFRN	Asterales	Asteraceae	Carthamus	Carthamus_lanatus
JNKW	Asterales	Asteraceae	Cicerbita	Cicerbita_plumieri
MHYG	Asterales	Asteraceae	Conyza	Conyza_canadensis
NUSE	Asterales	Asteraceae	Conyza	Conyza_canadensis
WSYE	Asterales	Asteraceae	Conyza	Conyza_canadensis
DESP	Asterales	Asteraceae	Erigeron	Erigeron_canadensis
EXHX	Asterales	Asteraceae	Flaveria	Flaveria_angustifolia
UQAZ	Asterales	Asteraceae	Flaveria	Flaveria_angustifolia
YRBQ	Asterales	Asteraceae	Flaveria	Flaveria_angustifolia
JEPE	Asterales	Asteraceae	Flaveria	Flaveria_bidentis
QBGG	Asterales	Asteraceae	Flaveria	Flaveria_bidentis
ZNZC	Asterales	Asteraceae	Flaveria	Flaveria_bidentis
IPUI	Asterales	Asteraceae	Flaveria	Flaveria_brownii
JYMN	Asterales	Asteraceae	Flaveria	Flaveria_brownii
LMXP	Asterales	Asteraceae	Flaveria	Flaveria_brownii
BIDT	Asterales	Asteraceae	Flaveria	Flaveria_cronquistii
DSWR	Asterales	Asteraceae	Flaveria	Flaveria_cronquistii
KJBH	Asterales	Asteraceae	Flaveria	Flaveria_cronquistii
QXWF	Asterales	Asteraceae	Flaveria	Flaveria_kochiana
NVSO	Asterales	Asteraceae	Flaveria	Flaveria_palmeri
AQZD	Asterales	Asteraceae	Flaveria	Flaveria_pringlei
GFVW	Asterales	Asteraceae	Flaveria	Flaveria_pringlei
RZSW	Asterales	Asteraceae	Flaveria	Flaveria_pringlei
HXDV	Asterales	Asteraceae	Flaveria	Flaveria_pubescens
JZHZ	Asterales	Asteraceae	Flaveria	Flaveria_pubescens
LYPZ	Asterales	Asteraceae	Flaveria	Flaveria_pubescens
UYED	Asterales	Asteraceae	Flaveria	Flaveria_sonorensis
HRVY	Asterales	Asteraceae	Flaveria	Flaveria_trinervia
RLCS	Asterales	Asteraceae	Flaveria	Flaveria_trinervia
ZCUA	Asterales	Asteraceae	Flaveria	Flaveria_trinervia
HXCD	Asterales	Asteraceae	Flaveria	Flaveria_vaginata
DUNJ	Asterales	Asteraceae	Helenium	Helenium_autumnale
AFQQ	Asterales	Asteraceae	Inula	Inula_helenium
MMJI	Asterales	Asteraceae	Lactuca	Lactuca_graminifolia
RFSD	Asterales	Asteraceae	Lactuca	Lactuca_graminifolia
ZGDS	Asterales	Asteraceae	Lactuca	Lactuca_graminifolia
DOVJ	Asterales	Asteraceae	Leontopodium	Leontopodium_alpinum
OAGK	Asterales	Asteraceae	Matricaria	Matricaria_matricarioides
BMSE	Asterales	Asteraceae	Senecio	Senecio_rowleyanus
EYKJ	Asterales	Asteraceae	Silybum	Silybum_marianum
TEZA	Asterales	Asteraceae	Solidago	Solidago_canadensis
DUQG	Asterales	Asteraceae	Tanacetum	Tanacetum_parthenium
KFZY	Asterales	Asteraceae	Tragopogon	Tragopogon_castellanus
DDRL	Asterales	Asteraceae	Tragopogon	Tragopogon_dubius
KGJF	Asterales	Asteraceae	Tragopogon	Tragopogon_porrifolius
FUPX	Asterales	Asteraceae	Tragopogon	Tragopogon_pratensis
UBLN	Asterales	Asteraceae	Xanthium	Xanthium_strumarium
IZLO	Asterales	Campanulaceae	Lobelia	Lobelia_siphilitica
IHPC	Asterales	Campanulaceae	Platycodon	Platycodon_grandiflorus
HUQC	Asterales	Goodeniaceae	Scaevola	Scaevola_mossambicensis
IXVJ	Asterales	Menyanthaceae	Menyanthes	Menyanthes_trifoliata
AUIP	Asterales	Phellinaceae	Phelline	Phelline_lucida
TPEM	Asterales	Platyspermatiaceae	Platyspermation	Platyspermation_crassifolium
FXGI	Asterales	Stylidiaceae	Stylidum	Stylidium_adnatum
QNIK	Asterales	unknown	unknown	unknown
TNVE	Asterales	unknown	unknown	unknown
GIPR	Garryales	Eucommiaceae	Eucommia	Eucommia_ulmoides
SZUO	Garryales	Garryaceae	Aucuba	Aucuba_japonica
SXML	Aquifoliales	Aquifoliaceae	Ilex	Ilex_paraguariensis
DFYF	Aquifoliales	Aquifoliaceae	Ilex	Ilex_sp
ASMV	Aquifoliales	Aquifoliaceae	Ilex	Ilex_vomitoria
QACK	Aquifoliales	Helwingiaceae	Helwingia	Helwingia_japonica
QZZU	Icacinales	Icacinaceae	Pyrenacantha	Pyrenacantha_malvifolia
PVGM	Icacinales	Oncothecaceae	Oncotheca	Oncotheca_balansae
CPOC	Solanales	Convolvulaceae	Convolvulus	Convolvulus_arvensis
AHRN	Solanales	Convolvulaceae	Cuscuta	Cuscuta_pentagona
ERWT	Solanales	Convolvulaceae	Ipomoea	Ipomoea_coccinea
QSLH	Solanales	Convolvulaceae	Ipomoea	Ipomoea_hederacea
OQBM	Solanales	Convolvulaceae	Ipomoea	Ipomoea_indica
NAUM	Solanales	Convolvulaceae	Ipomoea	Ipomoea_lindheimeri
IZNU	Solanales	Convolvulaceae	Ipomoea	Ipomoea_lobata
NHAG	Solanales	Convolvulaceae	Ipomoea	Ipomoea_nil
EMBR	Solanales	Convolvulaceae	Ipomoea	Ipomoea_pubescens
SDXI	Solanales	Convolvulaceae	Ipomoea	Ipomoea_purpurea
VXKB	Solanales	Convolvulaceae	Ipomoea	Ipomoea_purpurea
XQRV	Solanales	Convolvulaceae	Ipomoea	Ipomoea_purpurea
ALUC	Solanales	Convolvulaceae	Ipomoea	Ipomoea_quamoclit
BOLZ	Solanales	Solanaceae	Atropa	Atropa_belladonna
AIOU	Solanales	Solanaceae	Brugmansia	Brugmansia_sanguinea
JNVS	Solanales	Solanaceae	Datura	Datura_metel
LWCK	Solanales	Solanaceae	Lycium	Lycium_barbarum
OSMU	Solanales	Solanaceae	Lycium	Lycium_sp
UGJI	Solanales	Solanaceae	Lycopersicon	Lycopersicon_cheesmanii
MKZR	Solanales	Solanaceae	Nicotiana	Nicotiana_sylvestris
GHLP	Solanales	Solanaceae	Solanum	Solanum_dulcamara
DLAI	Solanales	Solanaceae	Solanum	Solanum_lasiophyllum
DLJZ	Solanales	Solanaceae	Solanum	Solanum_ptychanthum
NMDZ	Solanales	Solanaceae	Solanum	Solanum_sisymbriifolium
LQJY	Solanales	Solanaceae	Solanum	Solanum_xanthocarpum
EMAL	Boraginales	Boraginaceae	Ehretia	Ehretia_acuminata
EIGQ	Boraginales	Boraginaceae	Heliotropium	Heliotropium_calcicola
RGMN	Boraginales	Boraginaceae	Heliotropium	Heliotropium_calcicola
VJSJ	Boraginales	Boraginaceae	Heliotropium	Heliotropium_calcicola
XVRU	Boraginales	Boraginaceae	Heliotropium	Heliotropium_calcicola
OUER	Boraginales	Boraginaceae	Heliotropium	Heliotropium_convolvulaceum
IPPG	Boraginales	Boraginaceae	Heliotropium	Heliotropium_filiforme
OEKO	Boraginales	Boraginaceae	Heliotropium	Heliotropium_filiforme
XKVX	Boraginales	Boraginaceae	Heliotropium	Heliotropium_filiforme
ABEH	Boraginales	Boraginaceae	Heliotropium	Heliotropium_greggii
NIGS	Boraginales	Boraginaceae	Heliotropium	Heliotropium_karwinskyi
MZOB	Boraginales	Boraginaceae	Heliotropium	Heliotropium_mendocinum
IDGE	Boraginales	Boraginaceae	Heliotropium	Heliotropium_racemosum
DIHD	Boraginales	Boraginaceae	Heliotropium	Heliotropium_tenellum
JWEY	Boraginales	Boraginaceae	Heliotropium	Heliotropium_tenuifolium
CSWE	Boraginales	Boraginaceae	Heliotropium	Heliotropium_texanum
IWJG	Boraginales	Boraginaceae	Heliotropium	Heliotropium_texanum
MDJK	Boraginales	Boraginaceae	Heliotropium	Heliotropium_texanum
SMUR	Boraginales	Boraginaceae	Lennoa	Lennoa_madreporoides
DKFZ	Boraginales	Boraginaceae	Mertensia	Mertensia_paniculata
YQIJ	Boraginales	Boraginaceae	Phacelia	Phacelia_campanularia
HANM	Boraginales	Boraginaceae	Pholisma	Pholisma_arenarium
MGVU	Gentianales	Apocynaceae	Allamanda	Allamanda_cathartica
JCLQ	Gentianales	Apocynaceae	Apocynum	Apocynum_androsaemifolium
UFQC	Gentianales	Apocynaceae	Apocynum	Apocynum_androsaemifolium
YFQX	Gentianales	Apocynaceae	Apocynum	Apocynum_androsaemifolium
DSUV	Gentianales	Apocynaceae	Asclepias	Asclepias_curassavica
YADI	Gentianales	Apocynaceae	Asclepias	Asclepias_syriaca
UOYN	Gentianales	Apocynaceae	Catharanthus	Catharanthus_roseus
JGYZ	Gentianales	Apocynaceae	Holarrhena	Holarrhena_pubescens
QEHE	Gentianales	Apocynaceae	Rauvolfia	Rauvolfia_tetraphylla
EDEQ	Gentianales	Apocynaceae	Wrightia	Wrightia_natalensis
HGSM	Gentianales	Gelsemiaceae	Gelsemium	Gelsemium_sempervirens
KPUM	Gentianales	Gentianaceae	Exacum	Exacum_affine
ECTD	Gentianales	Gentianaceae	Gentiana	Gentiana_acaulis
GGJD	Gentianales	Loganiaceae	Strychnos	Strychnos_spinosa
WQRD	Gentianales	Rubiaceae	Galium	Galium_boreale
ULGV	Gentianales	Rubiaceae	Morinda	Morinda_citrifolia
DNQA	Gentianales	Rubiaceae	Psychotria	Psychotria_douarrei
BQEQ	Gentianales	Rubiaceae	Psychotria	Psychotria_ipecacuanha
JOPH	Gentianales	Rubiaceae	Psychotria	Psychotria_ipecacuanha
ZSGF	Gentianales	Rubiaceae	Psychotria	Psychotria_ipecacuanha
PCNH	Gentianales	Rubiaceae	Psychotria	Psychotria_marginata
KTWL	Gentianales	Rubiaceae	unknown	unknown
PCGJ	Lamiales	Acanthaceae	Anisacanthus	Anisacanthus_quadrifidus
AYIY	Lamiales	Acanthaceae	Ruellia	Ruellia_brittoniana
NBMW	Lamiales	Acanthaceae	Sanchezia	Sanchezia_sp
WEAC	Lamiales	Acanthaceae	Strobilanthes	Strobilanthes_dyeriana
QKEI	Lamiales	Bignoniaceae	Kigelia	Kigelia_africana
SVQC	Lamiales	Bignoniaceae	Kigelia	Kigelia_africana
XAYK	Lamiales	Bignoniaceae	Kigelia	Kigelia_africana
TKEK	Lamiales	Bignoniaceae	Mansoa	Mansoa_alliacea
UTQR	Lamiales	Bignoniaceae	Tbebuia	Tabebuia_umbellata
GDZS	Lamiales	Byblidaceae	Byblis	Byblis_gigantea
DCCI	Lamiales	Calceolariaceae	Calceolaria	Calceolaria_pinifolia
RWKR	Lamiales	Gesneriaceae	Saintpaulia	Saintpaulia_ionantha
DTNC	Lamiales	Gesneriaceae	Sinningia	Sinningia_tuberosa
PUCW	Lamiales	Lamiaceae	Agastache	Agastache_rugosa
UCNM	Lamiales	Lamiaceae	Ajuga	Ajuga_reptans
FYUH	Lamiales	Lamiaceae	Lavandula	Lavandula_angustifolia
SNNC	Lamiales	Lamiaceae	Leonurus	Leonurus_japonicus
EAAA	Lamiales	Lamiaceae	Marrubium	Marrubium_vulgare
TAGM	Lamiales	Lamiaceae	Melissa	Melissa_officinalis
WHNV	Lamiales	Lamiaceae	Micromeria	Micromeria_fruticosa
FUMQ	Lamiales	Lamiaceae	Nepeta	Nepeta_cataria
GNPX	Lamiales	Lamiaceae	Oxera	Oxera_neriifolia
RTNA	Lamiales	Lamiaceae	Oxera	Oxera_pulchella
GETL	Lamiales	Lamiaceae	Pogostemon	Pogostemon_sp
XMBA	Lamiales	Lamiaceae	Poliomintha	Poliomintha_bustamanta
PHCE	Lamiales	Lamiaceae	Prunella	Prunella_vulgaris
DYFF	Lamiales	Lamiaceae	Pycnanthemum	Pycnanthemum_tenuifolium
FDMM	Lamiales	Lamiaceae	Rosmarinus	Rosmarinus_officinalis
EQDA	Lamiales	Lamiaceae	Salvia	Salvia_spp
ATYL	Lamiales	Lamiaceae	Scutellaria	Scutellaria_montana
BAHE	Lamiales	Lamiaceae	Solenostemon	Solenostemon_scutellarioides
LRRR	Lamiales	Lamiaceae	Teucrium	Teucrium_chamaedrys
IYDF	Lamiales	Lamiaceae	Thymus	Thymus_vulgaris
DMLT	Lamiales	Lamiaceae	Vitex	Vitex_agnus-castus
MXFG	Lamiales	Lentibulariaceae	Pinguicula	Pinguicula_agnata
JCMU	Lamiales	Lentibulariaceae	Pinguicula	Pinguicula_caudata
HRUR	Lamiales	Lentibulariaceae	Utricularia	Utricularia_sp
KTAR	Lamiales	Oleaceae	Chionanthus	Chionanthus_retusus
UEEN	Lamiales	Oleaceae	Forestiera	Forestiera_segregata
MZLD	Lamiales	Oleaceae	Ligustrum	Ligustrum_sinense
TORX	Lamiales	Oleaceae	Olea	Olea_europaea
YZGX	Lamiales	Oleaceae	unknown	unknown
FAMO	Lamiales	Orobanchaceae	conopholis	Conopholis_americana
FROP	Lamiales	Orobanchaceae	Epifagus	Epifagus_virginiana
URZI	Lamiales	Orobanchaceae	Epifagus	Epifagus_virginiana
XMOG	Lamiales	Orobanchaceae	Epifagus	Epifagus_virginiana
EJCM	Lamiales	Orobanchaceae	Lindenbergia	Lindenbergia_philippensis
WUZV	Lamiales	Orobanchaceae	Lindenbergia	Lindenbergia_philippensis
ZVFS	Lamiales	Orobanchaceae	Lindenbergia	Lindenbergia_philippensis
PHOQ	Lamiales	Orobanchaceae	Orobanche	Orobanche_fasciculata
VTOK	Lamiales	Orobanchaceae	Orobanche	Orobanche_fasciculata
VYDM	Lamiales	Orobanchaceae	Orobanche	Orobanche_fasciculata
OWAS	Lamiales	Orobanchaceae	Rehmannia	Rehmannia_glutinosa
UMUL	Lamiales	Paulowniaceae	Paulownia	Paulownia_fargesii
ZRIN	Lamiales	Pedaliaceae	Uncarina	Uncarina_grandidieri
YRHD	Lamiales	Plantaginaceae	Antirrhinum	Antirrhinum_braun-blanquetii
EBOL	Lamiales	Plantaginaceae	Antirrhinum	Antirrhinum_majus
TPUT	Lamiales	Plantaginaceae	Antirrhinum	Antirrhinum_majus
XISJ	Lamiales	Plantaginaceae	Antirrhinum	Antirrhinum_majus
CLRW	Lamiales	Plantaginaceae	Bacopa	Bacopa_caroliniana
GNRI	Lamiales	Plantaginaceae	Digitalis	Digitalis_purpurea
DCVZ	Lamiales	Plantaginaceae	Plantago	Plantago_coronopus
YKZB	Lamiales	Plantaginaceae	Plantago	Plantago_maritima
PTBJ	Lamiales	Plantaginaceae	Plantago	Plantago_virginica
CWLL	Lamiales	Schlegeliaceae	Schlegelia	Schlegelia_parasitica
GAKQ	Lamiales	Schlegeliaceae	Schlegelia	Schlegelia_parasitica
EDXZ	Lamiales	Schlegeliaceae	Schlegelia	Schlegelia_violacea
WOHL	Lamiales	Schlegeliaceae	Schlegelia	Schlegelia_violacea
EJBY	Lamiales	Scrophulariaceae	Anticharis	Anticharis_glandulosa
XRLM	Lamiales	Scrophulariaceae	Buddleja	Buddleja_lindleyana
GRFT	Lamiales	Scrophulariaceae	Buddleja	Buddleja_sp
SIBR	Lamiales	Scrophulariaceae	Celsia	Celsia_arcturus
XXYA	Lamiales	Scrophulariaceae	Verbascum	Verbascum_sp
COBX	Lamiales	Tetrachondraceae	Polypremum	Polypremum_procumbens
PSHB	Lamiales	Verbenaceae	Lantana	Lantana_camara
MQIV	Lamiales	Verbenaceae	Phyla	Phyla_dulcis
GCFE	Lamiales	Verbenaceae	Verbena	Verbena_hastata
CLMX	Escalloniales	Escalloniaceae	Escallonia	Escallonia_rubra
CLNU	Escalloniales	Escalloniaceae	Escallonia	Escallonia_sp_cv_Newport